PrimaryKey,Viktighet (1-3),Uke,Dato,Hendelse_ID,Oppsummering_ID,Bok,Karakterer_ID,Steder_ID,Bok_ID,Hierarki
TID-1,2,1,Onsdag morgen,KAR-4 ankommer med STE-11,"KAR-4 ankommer ukjent, drar kofferter til STE-7. Sliten og svett etter 2-timers fergetur ",En fremmed ankommer (https://www.notion.so/En-fremmed-ankommer-274abf41b76080559809fb0056e25690?pvs=21),KAR-4,STE-2,BOK-1,STE-2 -> STE-5 -> STE-29
TID-2,2,1,Onsdag formiddag,KAR-1 sykler forbi og ser KAR-4,"KAR-1 sykler til jobb fra STE-4, observerer KAR-4 med kofferter på STE-2, sykler videre til STE-1",En fremmed ankommer (https://www.notion.so/En-fremmed-ankommer-274abf41b76080559809fb0056e25690?pvs=21),KAR-1,STE-2,BOK-1,STE-2 -> STE-5 -> STE-29
TID-3,2,1,Onsdag ettermiddag,KAR-4 pakker ut og planlegger shopping,"KAR-4 pakker ut, dusjer, sykler til STE-1 for mat",En fremmed ankommer (https://www.notion.so/En-fremmed-ankommer-274abf41b76080559809fb0056e25690?pvs=21),KAR-4,STE-7,BOK-1,STE-7 -> STE-3 -> STE-5 -> STE-29
TID-4,3,1,Torsdag (Stormdag),Tordenstorm slår til,"Storm, strøm borte, KAR-4 tenner lys, KAR-1 punkterer sykkel og banker på KAR-4' dør gjennomvåt og sølete, invitert inn.",En fremmed ankommer (https://www.notion.so/En-fremmed-ankommer-274abf41b76080559809fb0056e25690?pvs=21),"KAR-4,KAR-1","STE-2,STE-7",BOK-1,"STE-2 -> STE-5 -> STE-29,STE-7 -> STE-3 -> STE-5 -> STE-29"
TID-5,2,1,Onsdag formiddag,KAR-4 shopper i STE-8,"KAR-4 handler mat, flørter med KAR-1 ved kassa",En fremmed ankommer (https://www.notion.so/En-fremmed-ankommer-274abf41b76080559809fb0056e25690?pvs=21),"KAR-4,KAR-1",STE-8,BOK-1,STE-8 -> STE-1 -> STE-5 -> STE-29
TID-6,2,1,Onsdag ettermiddag,KAR-4 retur til STE-7,"KAR-4 sykler hjem, spiser, dusjer, tar lur",En fremmed ankommer (https://www.notion.so/En-fremmed-ankommer-274abf41b76080559809fb0056e25690?pvs=21),KAR-4,STE-7,BOK-1,STE-7 -> STE-3 -> STE-5 -> STE-29
TID-7,3,1,Torsdag morgen,Storm bygger seg opp,"Vind øker og mørke skyer, KAR-4 koser seg inne, KAR-1 sykler til STE-8",En fremmed ankommer (https://www.notion.so/En-fremmed-ankommer-274abf41b76080559809fb0056e25690?pvs=21),"KAR-1,KAR-4","STE-5,STE-7",BOK-1,"STE-5 -> STE-29,STE-7 -> STE-3 -> STE-5 -> STE-29"
TID-8,3,1,Torsdag kl 4 PM,Tordenstorm og KAR-1's ulykke,"Storm slår til, KAR-1 punkterer sykkel i vindkast",En fremmed ankommer (https://www.notion.so/En-fremmed-ankommer-274abf41b76080559809fb0056e25690?pvs=21),KAR-1,STE-2,BOK-1,STE-2 -> STE-5 -> STE-29
TID-9,3,1,Torsdag kl 16,KAR-1 finner ly,"KAR-1 banker på, KAR-4 inviterer inn, hjelper med tøy",Stormens lidenskap (https://www.notion.so/Stormens-lidenskap-274abf41b76080679598e9d3115bd7ca?pvs=21),"KAR-1,KAR-4",STE-7,BOK-2,STE-7 -> STE-3 -> STE-5 -> STE-29
TID-10,3,1,Torsdag kveld,Flørt ved peisen,"KAR-1 hjelper med peis, deler vin/snacks, flørter",Stormens lidenskap (https://www.notion.so/Stormens-lidenskap-274abf41b76080679598e9d3115bd7ca?pvs=21),"KAR-1,KAR-4",STE-7,BOK-2,STE-7 -> STE-3 -> STE-5 -> STE-29
TID-11,3,1,Torsdag kveld,Lidenskapelig natt,"KAR-1 og KAR-4 kysser, berører bryster og fitta, klitorisstimulering, penetrering, klimaks, kroppsvæsker, prevensjonsbekymring.",Stormens lidenskap (https://www.notion.so/Stormens-lidenskap-274abf41b76080679598e9d3115bd7ca?pvs=21),"KAR-4,KAR-1",STE-7,BOK-2,STE-7 -> STE-3 -> STE-5 -> STE-29
TID-12,3,1,Fredag morgen,Morgen i skje,"KAR-1 og KAR-4 våkner tett, prevensjonsprat",Stormens lidenskap (https://www.notion.so/Stormens-lidenskap-274abf41b76080679598e9d3115bd7ca?pvs=21),"KAR-1,KAR-4",STE-7,BOK-2,STE-7 -> STE-3 -> STE-5 -> STE-29
TID-17,2,1,Fredag formiddag,KAR-1s dag på STE-8,"KAR-1 jobber, kunder kommenterer glød og rufsete hår, KAR-5 fisker etter info om KAR-4",Solnedgang og overraskelser (https://www.notion.so/Solnedgang-og-overraskelser-274abf41b760804c8448d93bfb7a17cc?pvs=21),"KAR-1,KAR-5,KAR-23,KAR-24",STE-8,BOK-3,STE-8 -> STE-1 -> STE-5 -> STE-29
TID-18,2,1,Fredag kveld,KAR-1 hos foreldrene,"KAR-1 spiser middag med foreldrene, KAR-22 graver om KAR-4, KAR-6 spøker om tomta",Solnedgang og overraskelser (https://www.notion.so/Solnedgang-og-overraskelser-274abf41b760804c8448d93bfb7a17cc?pvs=21),"KAR-1,KAR-22,KAR-6",STE-6,BOK-3,STE-6 -> STE-4 -> STE-5 -> STE-29
TID-19,2,1,Lørdag formiddag,KAR-1s STE-8-dag og KAR-5 med avis,"KAR-1 jobber alene, KAR-5 dukker opp med avis om KAR-4 Alm, nysgjerrighet om KAR-4",Solnedgang og overraskelser (https://www.notion.so/Solnedgang-og-overraskelser-274abf41b760804c8448d93bfb7a17cc?pvs=21),"KAR-1,KAR-5",STE-8,BOK-3,STE-8 -> STE-1 -> STE-5 -> STE-29
TID-20,3,1,Lørdag ettermiddag,Tomtbesøk og strand-date med foreldremøte,"KAR-4 viser tomtplaner, badstue, sex i vannet, avbrutt av KAR-22 og KAR-6",Solnedgang og overraskelser (https://www.notion.so/Solnedgang-og-overraskelser-274abf41b760804c8448d93bfb7a17cc?pvs=21),"KAR-1,KAR-6,KAR-22,KAR-4","STE-3,STE-7,STE-19",BOK-3,"STE-3 -> STE-5 -> STE-29,STE-7 -> STE-3 -> STE-5 -> STE-29,STE-19 -> STE-3 -> STE-5 -> STE-29"
TID-21,3,1,Lørdag kveld,Badstue,"Tilbake i badstue, snakker, dusjer, tørker hverandre, KAR-1 suger KAR-4",Solnedgang og overraskelser (https://www.notion.so/Solnedgang-og-overraskelser-274abf41b760804c8448d93bfb7a17cc?pvs=21),"KAR-4,KAR-1",STE-7,BOK-3,STE-7 -> STE-3 -> STE-5 -> STE-29
TID-22,3,1,Lørdag kveld,Middag og videosamtale,"Lager pasta, spiser, ringer KAR-7 som griller KAR-1 om vennen",Solnedgang og overraskelser (https://www.notion.so/Solnedgang-og-overraskelser-274abf41b760804c8448d93bfb7a17cc?pvs=21),"KAR-1,KAR-4,KAR-7",STE-7,BOK-3,STE-7 -> STE-3 -> STE-5 -> STE-29
TID-23,3,1,Lørdag kveld,Vin på utendørs sofa,"Vin under stjernene, intim samtale, KAR-1 rir KAR-4, sprutorgasme",Solnedgang og overraskelser (https://www.notion.so/Solnedgang-og-overraskelser-274abf41b760804c8448d93bfb7a17cc?pvs=21),"KAR-1,KAR-4",STE-7,BOK-3,STE-7 -> STE-3 -> STE-5 -> STE-29
TID-24,3,1,Natt til søndag,Analsex og søvn,"Snakker om ekser, analsex, sprutorgasme, faller i søvn",Solnedgang og overraskelser (https://www.notion.so/Solnedgang-og-overraskelser-274abf41b760804c8448d93bfb7a17cc?pvs=21),"KAR-1,KAR-4",STE-7,BOK-3,STE-7 -> STE-3 -> STE-5 -> STE-29
TID-25,3,1,Søndag morgen,Intim frokost og dusj,"KAR-1 og KAR-4 spiser frokost på terrassen, diskuterer prevensjon, dusjer, KAR-1 suger KAR-4",Familiedrama og fremtidsdrømmer (https://www.notion.so/Familiedrama-og-fremtidsdr-mmer-274abf41b7608081b4eade9d4f3a749d?pvs=21),"KAR-4,KAR-1",STE-7,BOK-4,STE-7 -> STE-3 -> STE-5 -> STE-29
TID-26,2,1,Søndag formiddag,Sykkeltur til STE-6,"KAR-1 sykler til STE-6 til foreldrene, tenker på KAR-4",Familiedrama og fremtidsdrømmer (https://www.notion.so/Familiedrama-og-fremtidsdr-mmer-274abf41b7608081b4eade9d4f3a749d?pvs=21),KAR-1,"STE-6,STE-14",BOK-4,"STE-6 -> STE-4 -> STE-5 -> STE-29,STE-14 -> STE-5 -> STE-29"
TID-27,3,1,Søndag ettermiddag,Middag hos foreldrene,"Familien forhører KAR-1 om KAR-4, gir fri til STE-27-tur",Familiedrama og fremtidsdrømmer (https://www.notion.so/Familiedrama-og-fremtidsdr-mmer-274abf41b7608081b4eade9d4f3a749d?pvs=21),"KAR-1,KAR-22,KAR-6,KAR-5",STE-6,BOK-4,STE-6 -> STE-4 -> STE-5 -> STE-29
TID-28,3,1,Søndag kveld,Selvtilfredsstillelse,"KAR-1 tilfredsstiller seg selv, tenker på KAR-4, sprutorgasme",Familiedrama og fremtidsdrømmer (https://www.notion.so/Familiedrama-og-fremtidsdr-mmer-274abf41b7608081b4eade9d4f3a749d?pvs=21),KAR-1,STE-6,BOK-4,STE-6 -> STE-4 -> STE-5 -> STE-29
TID-29,3,1,Mandag morgen,Selvtilfredsstillelse,"KAR-1 tilfredsstiller seg selv annerledes, tenker på KAR-4",Familiedrama og fremtidsdrømmer (https://www.notion.so/Familiedrama-og-fremtidsdr-mmer-274abf41b7608081b4eade9d4f3a749d?pvs=21),KAR-1,STE-6,BOK-4,STE-6 -> STE-4 -> STE-5 -> STE-29
TID-30,2,1,Mandag ettermiddag,STE-8-dag med KAR-9 og KAR-4,"KAR-9 forsøker å vinne KAR-1 tilbake, KAR-4 ankommer, KAR-5 møter KAR-4",Familiedrama og fremtidsdrømmer (https://www.notion.so/Familiedrama-og-fremtidsdr-mmer-274abf41b7608081b4eade9d4f3a749d?pvs=21),"KAR-1,KAR-5,KAR-4,KAR-9",STE-8,BOK-4,STE-8 -> STE-1 -> STE-5 -> STE-29
TID-31,3,1,Mandag ettermiddag,Sykkeltur og KAR-9-spion,"KAR-1 og KAR-4 sykler fra STE-8, ser KAR-9 spionere bak husvegg",Spicy kvelder og Oslo-planer (https://www.notion.so/Spicy-kvelder-og-Oslo-planer-275abf41b7608020a2cdc20bd6a48072?pvs=21),"KAR-9,KAR-4,KAR-1","STE-15,STE-1,STE-3",BOK-5,"STE-15 -> STE-5 -> STE-29,STE-1 -> STE-5 -> STE-29,STE-3 -> STE-5 -> STE-29"
TID-32,3,1,Mandag kveld,Taco-kveld,"KAR-1 og KAR-4 lager taco, nakne, snakker om KAR-9 og øyas rykter",Spicy kvelder og Oslo-planer (https://www.notion.so/Spicy-kvelder-og-Oslo-planer-275abf41b7608020a2cdc20bd6a48072?pvs=21),"KAR-1,KAR-4",STE-7,BOK-5,STE-7 -> STE-3 -> STE-5 -> STE-29
TID-33,3,1,Tirsdag morgen,Intim dusjscene,"Intens anal lek, squirt, prolaps, KAR-4 kommer",Spicy kvelder og Oslo-planer (https://www.notion.so/Spicy-kvelder-og-Oslo-planer-275abf41b7608020a2cdc20bd6a48072?pvs=21),"KAR-4,KAR-1",STE-7,BOK-5,STE-7 -> STE-3 -> STE-5 -> STE-29
TID-34,2,1,Tirsdag formiddag,STE-8-dag og KAR-5’s tillit,"KAR-1 overrasker KAR-5 tidlig, får tillit til STE-27-tur, kunder kommenterer flette/glød",Spicy kvelder og Oslo-planer (https://www.notion.so/Spicy-kvelder-og-Oslo-planer-275abf41b7608020a2cdc20bd6a48072?pvs=21),"KAR-1,KAR-5",STE-8,BOK-5,STE-8 -> STE-1 -> STE-5 -> STE-29
TID-35,2,1,Tirsdag ettermiddag,Pakking og avskjed,"KAR-1 pakker for STE-27-tur, tårevåt avskjed med KAR-22",Spicy kvelder og Oslo-planer (https://www.notion.so/Spicy-kvelder-og-Oslo-planer-275abf41b7608020a2cdc20bd6a48072?pvs=21),"KAR-1,KAR-22,KAR-6",STE-6,BOK-5,STE-6 -> STE-4 -> STE-5 -> STE-29
TID-36,3,1,Tirsdag kveld,Pizza-kveld,"KAR-1 og KAR-4 lager pizza, snakker om nyhetsartikkel, bekrefter kjærestestatus","Pizza, venner og ville fantasier (https://www.notion.so/Pizza-venner-og-ville-fantasier-275abf41b76080a1a049cfd5bfc1051a?pvs=21)","KAR-1,KAR-4",STE-7,BOK-6,STE-7 -> STE-3 -> STE-5 -> STE-29
TID-37,3,1,Tirsdag kveld,KAR-10/KAR-2-besøk,"KAR-10 og KAR-2 dukker opp, spiser pizza, spøker om ryktene, KAR-2 flørter","Pizza, venner og ville fantasier (https://www.notion.so/Pizza-venner-og-ville-fantasier-275abf41b76080a1a049cfd5bfc1051a?pvs=21)","KAR-1,KAR-4,KAR-10,KAR-2",STE-7,BOK-6,STE-7 -> STE-3 -> STE-5 -> STE-29
TID-38,3,1,Tirsdag kveld,Intim sengescene,"KAR-1 avslører KAR-2-historier, fantasier fører til sex med squirt/prolaps","Pizza, venner og ville fantasier (https://www.notion.so/Pizza-venner-og-ville-fantasier-275abf41b76080a1a049cfd5bfc1051a?pvs=21)","KAR-1,KAR-4",STE-7,BOK-6,STE-7 -> STE-3 -> STE-5 -> STE-29
TID-39,3,1,Tirsdag natt,Etterglød og sengetøybytte,"Dusjer, skifter sengetøy, snakker om KAR-2-fantasi og ‘vårt hus’, sovner","Pizza, venner og ville fantasier (https://www.notion.so/Pizza-venner-og-ville-fantasier-275abf41b76080a1a049cfd5bfc1051a?pvs=21)","KAR-1,KAR-4",STE-7,BOK-6,STE-7 -> STE-3 -> STE-5 -> STE-29
TID-40,3,2,Onsdag morgen,Intim morgen,"KAR-4 vekker KAR-1 med kyss, oral lek, orgasme med squirt",Fergefrokost og Oslo-eventyr (https://www.notion.so/Fergefrokost-og-Oslo-eventyr-275abf41b76080589386c9802225271c?pvs=21),"KAR-1,KAR-4",STE-7,BOK-7,STE-7 -> STE-3 -> STE-5 -> STE-29
TID-41,2,2,Onsdag formiddag,STE-11-tur og KAR-22-avskjed,"Sykler til STE-11, ser hester/vogner, KAR-22 gir tårevåt avskjed",Fergefrokost og Oslo-eventyr (https://www.notion.so/Fergefrokost-og-Oslo-eventyr-275abf41b76080589386c9802225271c?pvs=21),"KAR-1,KAR-4,KAR-22","STE-2,STE-11",BOK-7,"STE-2 -> STE-5 -> STE-29,STE-11 -> STE-29"
TID-42,2,2,Onsdag formiddag,Frokost og KAR-11-møte,"Spiser frokost i kaféen, møter KAR-11, sender selfie til KAR-2",Fergefrokost og Oslo-eventyr (https://www.notion.so/Fergefrokost-og-Oslo-eventyr-275abf41b76080589386c9802225271c?pvs=21),"KAR-4,KAR-1,KAR-11",STE-11,BOK-7,STE-11 -> STE-29
TID-43,2,2,Onsdag formiddag,Ankomst til STE-9,"Planlegger STE-23, Kondomeriet, Egon, STE-10, STE-11 legger til land",Fergefrokost og Oslo-eventyr (https://www.notion.so/Fergefrokost-og-Oslo-eventyr-275abf41b76080589386c9802225271c?pvs=21),"KAR-1,KAR-4","STE-11,STE-9",BOK-7,"STE-11 -> STE-29,STE-9 -> STE-28 -> STE-29"
TID-50,3,2,Onsdag kveld,KAR-26 styrer badstue-stemning,KAR-26 instruerer KAR-1 og KAR-4 i intim stund i badstua,Fra Halden til Holmenkollen (https://www.notion.so/Fra-Halden-til-Holmenkollen-275abf41b7608013894ad7b7e8178fee?pvs=21),"KAR-1,KAR-26,KAR-4",STE-10,BOK-8,STE-10 -> STE-27 -> STE-28 -> STE-29
TID-44,2,2,Onsdag formiddag,Ankomst STE-9,"Går av STE-11, flørter, kjører Tesla til STE-27",Fra Halden til Holmenkollen (https://www.notion.so/Fra-Halden-til-Holmenkollen-275abf41b7608013894ad7b7e8178fee?pvs=21),"KAR-4,KAR-1",STE-9,BOK-8,STE-9 -> STE-28 -> STE-29
TID-45,2,2,Onsdag ettermiddag,Kjøring til STE-27,"Går av STE-11, flørter, kjører Tesla til STE-27 fra STE-9 via E6",Fra Halden til Holmenkollen (https://www.notion.so/Fra-Halden-til-Holmenkollen-275abf41b7608013894ad7b7e8178fee?pvs=21),"KAR-1,KAR-4","STE-9,STE-27",BOK-8,"STE-9 -> STE-28 -> STE-29,STE-27 -> STE-28 -> STE-29"
TID-46,3,2,Onsdag ettermiddag/kveld,Shopping og middag,"Kjøper kjoler, undertøy, leker, spiser biff/pasta, flørter",Fra Halden til Holmenkollen (https://www.notion.so/Fra-Halden-til-Holmenkollen-275abf41b7608013894ad7b7e8178fee?pvs=21),"KAR-1,KAR-4",STE-23,BOK-8,STE-23 -> STE-27 -> STE-28 -> STE-29
TID-47,3,2,Onsdag kveld,Ankomst STE-10,"KAR-26 ønsker velkommen, KAR-1 forundret, omvisning",Fra Halden til Holmenkollen (https://www.notion.so/Fra-Halden-til-Holmenkollen-275abf41b7608013894ad7b7e8178fee?pvs=21),"KAR-4,KAR-1,KAR-26",STE-10,BOK-8,STE-10 -> STE-27 -> STE-28 -> STE-29
TID-48,3,2,Onsdag kveld,Badstue-orgasme,"KAR-26 styrer Tenera, KAR-1 får orgasme",Fra Halden til Holmenkollen (https://www.notion.so/Fra-Halden-til-Holmenkollen-275abf41b7608013894ad7b7e8178fee?pvs=21),"KAR-26,KAR-1",STE-10,BOK-8,STE-10 -> STE-27 -> STE-28 -> STE-29
TID-49,3,2,Onsdag kveld,Kjøkken-samtale,"KAR-1 deler om KAR-26, KAR-4 beroliger om STE-3",Fra Halden til Holmenkollen (https://www.notion.so/Fra-Halden-til-Holmenkollen-275abf41b7608013894ad7b7e8178fee?pvs=21),"KAR-1,KAR-26,KAR-4",STE-10,BOK-8,STE-10 -> STE-27 -> STE-28 -> STE-29
TID-51,3,2,Torsdag morgen,KAR-1 og KAR-4 våkner til KAR-26’s alarm,"KAR-26 vekker KAR-1 og KAR-4 med musikk og solskjerming, forbereder kaffe,",Oslo-eventyr og fremtidsdrømmer (https://www.notion.so/Oslo-eventyr-og-fremtidsdr-mmer-275abf41b760804ea1eac05bc2a048c4?pvs=21),"KAR-4,KAR-26,KAR-1",STE-10,BOK-9,STE-10 -> STE-27 -> STE-28 -> STE-29
TID-52,3,2,Torsdag morgen,KAR-20 ankommer og KAR-4 signerer papirer,"KAR-20 ankommer som KAR-4’ søster og advokat, KAR-4 signerer salgskontrakt (65 mill.) og flyttemelding",Oslo-eventyr og fremtidsdrømmer (https://www.notion.so/Oslo-eventyr-og-fremtidsdr-mmer-275abf41b760804ea1eac05bc2a048c4?pvs=21),"KAR-1,KAR-26,KAR-4,KAR-20",STE-10,BOK-9,STE-10 -> STE-27 -> STE-28 -> STE-29
TID-53,2,2,Torsdag morgen,STE-24-tur til sentrum,"KAR-1, KAR-4 og KAR-20 går til STE-24, diskuterer STE-5 og Heimdallr",Oslo-eventyr og fremtidsdrømmer (https://www.notion.so/Oslo-eventyr-og-fremtidsdr-mmer-275abf41b760804ea1eac05bc2a048c4?pvs=21),"KAR-4,KAR-20,KAR-1",STE-24,BOK-9,STE-24 -> STE-27 -> STE-28 -> STE-29
TID-54,3,2,Torsdag formiddag,KAR-7 møter trioen og samtale på STE-25,"KAR-4 bekrefter KAR-26 som Heimdallr, KAR-7 ankommer og griller om Elida, mykner opp, samtale om STE-3-huset og KAR-2",Oslo-eventyr og fremtidsdrømmer (https://www.notion.so/Oslo-eventyr-og-fremtidsdr-mmer-275abf41b760804ea1eac05bc2a048c4?pvs=21),"KAR-1,KAR-20,KAR-4,KAR-7","STE-23,STE-25",BOK-9,"STE-23 -> STE-27 -> STE-28 -> STE-29,STE-25 -> STE-23 -> STE-27 -> STE-28 -> STE-29"
TID-55,3,2,Torsdag ettermiddag,Rusling på STE-23 og STE-26-møte,"KAR-1 sender KAR-2 melding med bilde, KAR-4 spanderer antrekk, KAR-20 drar hjem til STE-18, trioen møter KAR-8 ved STE-26 klokka 19:00",Oslo-eventyr og fremtidsdrømmer (https://www.notion.so/Oslo-eventyr-og-fremtidsdr-mmer-275abf41b760804ea1eac05bc2a048c4?pvs=21),"KAR-7,KAR-4,KAR-1,KAR-8","STE-23,STE-26",BOK-9,"STE-23 -> STE-27 -> STE-28 -> STE-29,STE-26 -> STE-27 -> STE-28 -> STE-29"
TID-159,2,,Årlig: 31. oktober,Sjelfest,"Feires 31. oktober, lyktetog til graver, historier om forfedre ved STE-5. Sjelfest kan inkludere en nattlig vandring til Vikinghøvdingens grav (STE-36) med historiefortelling og offergaver (frukt, runesteiner)",,,STE-5,,STE-5 -> STE-29
TID-158,2,,Årlig: 24. juni,Midtsommerblót,"Feires 24. juni, fakkelprosesjon, ofring av mango, samling og dans på STE-30 (Tingstedet). Under Midtsommerblót tenner ungdommer bål ved Tropisk Lagune (STE-31), danser til norrøne trommer, og par flørter åpent under fakkelbelysning, noe som passer øyas liberale kultur.",,,"STE-1,STE-30",,"STE-1 -> STE-5 -> STE-29,STE-30 -> STE-1 -> STE-5 -> STE-29"
TID-160,2,2,Torsdag kveld,Middag på STE-26,"KAR-1 og KAR-4 diskuterer STE-19, Sjelfest og øya-magi med KAR-7 og KAR-8 under middag på STE-26, KAR-4 betaler, gruppen forlater restauranten","En kveld i Oslo, en fremtid i Sørstrand (https://www.notion.so/En-kveld-i-Oslo-en-fremtid-i-S-rstrand-275abf41b76080d281bcd5512cecff9e?pvs=21)","KAR-1,KAR-4,KAR-7,KAR-8",STE-26,BOK-10,STE-26 -> STE-27 -> STE-28 -> STE-29
TID-161,2,2,Torsdag kveld,Kjøpe graviditetstester,"KAR-1 og KAR-4 går til Oslo S i STE-27, kjøper graviditetstester, godteri og Cola Zero, diskuterer KAR-1’s butikkfremtid og KAR-5 som eier, tar STE24 til STE-10","En kveld i Oslo, en fremtid i Sørstrand (https://www.notion.so/En-kveld-i-Oslo-en-fremtid-i-S-rstrand-275abf41b76080d281bcd5512cecff9e?pvs=21)","KAR-1,KAR-4","STE-27,STE-24,STE-10",BOK-10,"STE-27 -> STE-28 -> STE-29,STE-24 -> STE-27 -> STE-28 -> STE-29,STE-10 -> STE-27 -> STE-28 -> STE-29"
TID-162,3,2,Torsdag kveld,Positiv graviditetstest,"KAR-1 tar graviditetstest i STE-10, viser positiv resultat, KAR-1 og KAR-4 diskuterer fremtiden og barnerom, KAR-1 uttrykker forsiktig vilje til å beholde barnet","En kveld i Oslo, en fremtid i Sørstrand (https://www.notion.so/En-kveld-i-Oslo-en-fremtid-i-S-rstrand-275abf41b76080d281bcd5512cecff9e?pvs=21)","KAR-1,KAR-4",STE-10,BOK-10,STE-10 -> STE-27 -> STE-28 -> STE-29
TID-163,3,2,Torsdag kveld,Intimt siste øyeblikk i STE-10,"KAR-1 og KAR-4 deler intimt øyeblikk i sengen, når orgasme, koser seg med snop og lagune-lys, sovner sammen i STE-10","En kveld i Oslo, en fremtid i Sørstrand (https://www.notion.so/En-kveld-i-Oslo-en-fremtid-i-S-rstrand-275abf41b76080d281bcd5512cecff9e?pvs=21)","KAR-4,KAR-1",STE-10,BOK-10,STE-10 -> STE-27 -> STE-28 -> STE-29
TID-164,2,2,Fredag morgen,"KAR-1 sender frekk melding til KAR-2, diskuterer STE-19-planer i kantina","KAR-1 og KAR-4 spiser fiskesmørbrød, sender selfie til KAR-2, planlegger middag hos foreldre (KAR-22 og KAR-6).",Hjem til Sørstrand (https://www.notion.so/Hjem-til-S-rstrand-275abf41b7608006baf6cd4c642b2998?pvs=21),"KAR-1,KAR-4,KAR-2","STE-10,STE-9,STE-38",BOK-11,"STE-10 -> STE-27 -> STE-28 -> STE-29,STE-9 -> STE-28 -> STE-29,STE-38 → STE-29"
TID-165,2,2,Fredag morgen,KAR-1 og KAR-4 ser STE-5 nærme seg,"Planlegger middag hos foreldre, butikkbesøk, kveld ved vika.",Hjem til Sørstrand (https://www.notion.so/Hjem-til-S-rstrand-275abf41b7608006baf6cd4c642b2998?pvs=21),"KAR-4,KAR-1,KAR-22",STE-38,BOK-11,STE-38 → STE-29
TID-166,2,2,Fredag morgen,KAR-1 og KAR-4 planlegger piknik og middag,"Diskuterer KAR-2, KAR-26, grilling i morgen, middag hos foreldre (KAR-22 og KAR-6).",Hjem til Sørstrand (https://www.notion.so/Hjem-til-S-rstrand-275abf41b7608006baf6cd4c642b2998?pvs=21),"KAR-22,KAR-4,KAR-1,KAR-2",STE-38,BOK-11,STE-38 → STE-29
TID-167,2,2,Fredag formiddag,KAR-1 og KAR-4 planlegger kveld i Sørstrand,"Planlegger kveld ved vika, middag hos foreldre (KAR-22 og KAR-6), grilling i morgen.",Hjem til Sørstrand (https://www.notion.so/Hjem-til-S-rstrand-275abf41b7608006baf6cd4c642b2998?pvs=21),"KAR-1,KAR-4,KAR-22",STE-38,BOK-11,STE-38 → STE-29
TID-168,3,2,Fredag formiddag,KAR-1 og KAR-4 ser STE-3-vika,"Mottar melding fra KAR-2, planlegger kveld ved STE-19, middag hos foreldre (KAR-22 og KAR-6).",Hjem til Sørstrand (https://www.notion.so/Hjem-til-S-rstrand-275abf41b7608006baf6cd4c642b2998?pvs=21),"KAR-22,KAR-4,KAR-1,KAR-2",STE-38,BOK-11,STE-38 → STE-29
TID-169,3,2,Fredag formiddag,KAR-1 og KAR-4 ankrer opp i STE-3-vika,"Planlegger å se moduler heises i STE-19, vandre til STE-7, middag hos foreldre (KAR-22 og KAR-6).",Hjem til Sørstrand (https://www.notion.so/Hjem-til-S-rstrand-275abf41b7608006baf6cd4c642b2998?pvs=21),"KAR-1,KAR-4","STE-38,STE-3,STE-19",BOK-11,"STE-38 → STE-29,STE-3 -> STE-5 -> STE-29,STE-19 -> STE-3 -> STE-5 -> STE-29"
TID-170,2,2,Fredag formiddag,Handler i Matbutikken og møter KAR-2,"KAR-1 og KAR-4 går fra STE-19 til STE-7, spiser mat, sykler til STE-8 og handler snop, vin, og champagne i Matbutikken (STE-8), møter Nora, som rødmer og virker nysgjerrig, og inviterer henne til grilling neste dag.",En kveld under stjernene (https://www.notion.so/En-kveld-under-stjernene-277abf41b76080c78ec1fb3e2f47e936?pvs=21),"KAR-4,KAR-1,KAR-2","STE-19,STE-7,STE-8",BOK-12,"STE-19 -> STE-3 -> STE-5 -> STE-29,STE-7 -> STE-3 -> STE-5 -> STE-29,STE-8 -> STE-1 -> STE-5 -> STE-29"
TID-171,2,2,Fredag ettermiddag,Mia og Marius spiser middag hos foreldrene,"KAR-1 og KAR-4 spiser middag hos KAR-22 og KAR-6 i Østsida (STE-6), deler nyheten om graviditeten, som mottas med glede og pappavitser. KAR-6 (Erik) tilbyr å snekre en vugge og sprinkelseng med norrøne detaljer til barnerommet, og de deler sjokolade.",En kveld under stjernene (https://www.notion.so/En-kveld-under-stjernene-277abf41b76080c78ec1fb3e2f47e936?pvs=21),"KAR-1,KAR-4,KAR-6,KAR-22",STE-6,BOK-12,STE-6 -> STE-4 -> STE-5 -> STE-29
TID-172,2,2,Fredag kveld,Utforsker det nye huset,"KAR-4 (Marius) viser KAR-1 (Mia) rundt i STE-19 (Marius’ hus), som har nyheiste moduler (tak, basseng). De beundrer stua, soverommet, master badet, og bassenget med glasskant mot STE-3 (Sørstrand-vika), skåler med champagne",En kveld under stjernene (https://www.notion.so/En-kveld-under-stjernene-277abf41b76080c78ec1fb3e2f47e936?pvs=21),"KAR-4,KAR-1",STE-19,BOK-12,STE-19 -> STE-3 -> STE-5 -> STE-29
TID-173,3,2,Fredag kveld,Samtaler om øyas kultur,"KAR-1 gir KAR-4 et «crash-course» i Palmøyas (STE-5) liberale kultur, diskuterer flørting, trekanter, og prevensjon, og bekrefter tillit og kjærlighet.",En kveld under stjernene (https://www.notion.so/En-kveld-under-stjernene-277abf41b76080c78ec1fb3e2f47e936?pvs=21),"KAR-1,KAR-4",STE-19,BOK-12,STE-19 -> STE-3 -> STE-5 -> STE-29
TID-174,3,2,Fredag kveld,Intim kveld i hytta,"KAR-1 og KAR-4 har en intim økt i hytta (STE-7) med vin, snop, og anal sex, mens de diskuterer øyas liberale kultur, flørting med KAR-2, og mulige trekanter.",En kveld under stjernene (https://www.notion.so/En-kveld-under-stjernene-277abf41b76080c78ec1fb3e2f47e936?pvs=21),"KAR-4,KAR-1",STE-7,BOK-12,STE-7 -> STE-3 -> STE-5 -> STE-29
TID-175,3,2,Fredag natt,Sovner sammen i hytta,"KAR-1 og KAR-4 sovner tett inntil hverandre i hytta (STE-7) etter en ny orgasme for KAR-1, drømmende om fremtiden og grillinga med KAR-2 og KAR-10.",En kveld under stjernene (https://www.notion.so/En-kveld-under-stjernene-277abf41b76080c78ec1fb3e2f47e936?pvs=21),"KAR-1,KAR-4",STE-7,BOK-12,STE-7 -> STE-3 -> STE-5 -> STE-29
TID-176,2,,Årlig: 13. august,Havfest,"Havfest feires med båtparade, konkurranser i fisking, og flørtende dans under måneskinnet.",,,"STE-2,STE-37",,"STE-2 -> STE-5 -> STE-29,STE-37 -> STE-2 -> STE-5 -> STE-29"
TID-177,2,2,Lørdag morgen,Emosjonell morgen i hytta,"Marius våkner alene i senga i hytta i Sørstrand. Mia gråter på stua, usikker på alt som endrer seg i livet hennes. Marius trøster henne.","Emosjonell morgen, husplaner og grill-kveld. (https://www.notion.so/Emosjonell-morgen-husplaner-og-grill-kveld-27eabf41b760809d8d15e876fa66f0c8?pvs=21)","KAR-4,KAR-1",STE-7,BOK-13,STE-7 -> STE-3 -> STE-5 -> STE-29
TID-178,2,2,Lørdag formiddag,Snakk om interiør og møbler i det nye huset,,"Emosjonell morgen, husplaner og grill-kveld. (https://www.notion.so/Emosjonell-morgen-husplaner-og-grill-kveld-27eabf41b760809d8d15e876fa66f0c8?pvs=21)","KAR-1,KAR-4,KAR-27,KAR-10",STE-19,BOK-13,STE-19 -> STE-3 -> STE-5 -> STE-29
TID-179,3,2,Lørdag formiddag,"Sykkeltur til Vestkroken og Fruktgården,Dukkert ved Fossefallet","Marius og Mia sykler til Fru Knudsens Fruktgård i Vestkroken, handler mango- og papayasyltetøy og saft, låner håndklær til dukkert ved Fossefallet. Marius og Mia tar en rask dukkert i bassenget ved Fossefallet i Vestkroken, lufttørker i sola før de sykler videre til Matbutikken.","Emosjonell morgen, husplaner og grill-kveld. (https://www.notion.so/Emosjonell-morgen-husplaner-og-grill-kveld-27eabf41b760809d8d15e876fa66f0c8?pvs=21)","KAR-4,KAR-1,KAR-28","STE-21,STE-41",BOK-13,"STE-21 -> STE-13 -> STE-5 -> STE-29,STE-41 -> STE-13 -> STE-5 -> STE-29"
TID-180,2,2,Lørdag formiddag,Handling i Matbutikken,"Marius og Mia handler Smash, pølser, brus, chili-chips og sjokolade i Matbutikken i Palmstad, møter Nora som jobber ekstra vakt.","Emosjonell morgen, husplaner og grill-kveld. (https://www.notion.so/Emosjonell-morgen-husplaner-og-grill-kveld-27eabf41b760809d8d15e876fa66f0c8?pvs=21)","KAR-1,KAR-4,KAR-2",STE-8,BOK-13,STE-8 -> STE-1 -> STE-5 -> STE-29
TID-181,2,2,Lørdag ettermiddag,Lunsj på Palmstad Kafé,"Marius og Mia spiser lunsj på Palmstad Kafé, fiskesmørbrød til Mia og rundstykke med syltetøy til Marius, prater med Johan (faren til Nora).","Emosjonell morgen, husplaner og grill-kveld. (https://www.notion.so/Emosjonell-morgen-husplaner-og-grill-kveld-27eabf41b760809d8d15e876fa66f0c8?pvs=21)","KAR-4,KAR-1,KAR-24",STE-22,BOK-13,STE-22 -> STE-1 -> STE-5 -> STE-29
TID-182,3,2,Lørdag ettermiddag,Prep til grilling i hytta,"Marius og Mia prepper grilling i hytta, Nora kommer tidlig og hjelper til, dekker bordet med mat og snop fra Fru Knudsen og Matbutikken, Nora spør om å få lov til å ha date med Marius. De venter Sigrid.","Emosjonell morgen, husplaner og grill-kveld. (https://www.notion.so/Emosjonell-morgen-husplaner-og-grill-kveld-27eabf41b760809d8d15e876fa66f0c8?pvs=21)","KAR-1,KAR-4,KAR-2",STE-7,BOK-13,STE-7 -> STE-3 -> STE-5 -> STE-29
TID-183,3,2,Lørdag kveld,Grilling med Nora og Sigrid,"Nora dukker opp tidlig, grilling starter med burgere, pølser, ytrefileter, svinefileter, salat og sauser. Flørtende stemning, deler historier fra øya. Storm nærmer seg, flytter inn.","Emosjonell morgen, husplaner og grill-kveld. (https://www.notion.so/Emosjonell-morgen-husplaner-og-grill-kveld-27eabf41b760809d8d15e876fa66f0c8?pvs=21)","KAR-2,KAR-4,KAR-1,KAR-10",STE-7,BOK-13,STE-7 -> STE-3 -> STE-5 -> STE-29
TID-184,3,2,Lørdag kveld,Strømbrudd og dans,"Storm forårsaker strømbrudd, tenner peis og stearinlys. Danser sensuelt til batteriradio, klær faller av, intim lek eskalerer til sex med Mia, Nora og Marius.","Emosjonell morgen, husplaner og grill-kveld. (https://www.notion.so/Emosjonell-morgen-husplaner-og-grill-kveld-27eabf41b760809d8d15e876fa66f0c8?pvs=21)","KAR-1,KAR-4,KAR-2",STE-7,BOK-13,STE-7 -> STE-3 -> STE-5 -> STE-29
TID-185,3,2,Lørdag natt,Mia sovner,"Mia sovner etter intim lek, Nora og Marius koser, snakker om nærhet, trekant-forhold, bakgrunner og drømmer. Nora avslører to kjærester og fire partnere, drømmer om frihet og Island. Marius om stressende liv på fastlandet, frihet på øya. De har sex, mens Mia sover i sengen ved siden av, før de sovner.","Emosjonell morgen, husplaner og grill-kveld. (https://www.notion.so/Emosjonell-morgen-husplaner-og-grill-kveld-27eabf41b760809d8d15e876fa66f0c8?pvs=21)","KAR-4,KAR-2",STE-7,BOK-13,STE-7 -> STE-3 -> STE-5 -> STE-29
